{"chunk_definitions":[{"row":11,"row_count":1,"visible":true,"expansion_state":0,"options":{"engine":"r","label":"setup","include":false,"dev":"png"},"document_id":"7CD61FD9","chunk_id":"csetup_chunk","chunk_label":"setup"},{"row":51,"row_count":1,"visible":true,"expansion_state":0,"options":{"engine":"r","label":"unnamed-chunk-29","dev":"png"},"document_id":"7CD61FD9","chunk_id":"cwuc7z6ab00bz","chunk_label":"unnamed-chunk-2"},{"row":63,"row_count":1,"visible":true,"expansion_state":0,"options":{"engine":"r","label":"unnamed-chunk-30","dev":"png"},"document_id":"7CD61FD9","chunk_id":"cym5cjz9h34jb","chunk_label":"unnamed-chunk-3"}],"doc_write_time":1714364580,"working_dir":null,"default_chunk_options":{"echo":true}}